-- MySQL Script generated by MySQL Workbench
-- Sun Feb  3 00:29:24 2019
-- Model: New Model    Version: 1.0
-- MySQL Workbench Forward Engineering

SET @OLD_UNIQUE_CHECKS=@@UNIQUE_CHECKS, UNIQUE_CHECKS=0;
SET @OLD_FOREIGN_KEY_CHECKS=@@FOREIGN_KEY_CHECKS, FOREIGN_KEY_CHECKS=0;
SET @OLD_SQL_MODE=@@SQL_MODE, SQL_MODE='TRADITIONAL,ALLOW_INVALID_DATES';

-- -----------------------------------------------------
-- Schema CICTE
-- -----------------------------------------------------
DROP SCHEMA IF EXISTS `CICTE` ;

-- -----------------------------------------------------
-- Schema CICTE
-- -----------------------------------------------------
CREATE SCHEMA IF NOT EXISTS `CICTE` DEFAULT CHARACTER SET utf8 ;
USE `CICTE` ;

-- -----------------------------------------------------
-- Table `CICTE`.`cic_parametro`
-- -----------------------------------------------------
DROP TABLE IF EXISTS `CICTE`.`cic_parametro` ;

CREATE TABLE IF NOT EXISTS `CICTE`.`cic_parametro` (
  `pa_parametro` VARCHAR(64) NOT NULL,
  `pa_nemonico` VARCHAR(6) NOT NULL,
  `pa_tipo` VARCHAR(1) NOT NULL,
  `pa_char` VARCHAR(255) NULL,
  `pa_int` INT NULL,
  `pa_blob` BLOB NULL,
  `pa_bolean` TINYINT NULL,
  `pa_point` POINT NULL,
  `pa_float` FLOAT NULL,
  `pa_double` DOUBLE NULL,
  `pa_datetime` DATETIME NULL,
  UNIQUE INDEX `pa_tipo_UNIQUE` (`pa_tipo` ASC),
  UNIQUE INDEX `pa_nemonico_UNIQUE` (`pa_nemonico` ASC))
ENGINE = InnoDB;


-- -----------------------------------------------------
-- Table `CICTE`.`cic_tabla`
-- -----------------------------------------------------
DROP TABLE IF EXISTS `CICTE`.`cic_tabla` ;

CREATE TABLE IF NOT EXISTS `CICTE`.`cic_tabla` (
  `ta_codigo` INT NOT NULL AUTO_INCREMENT,
  `ta_nombre` VARCHAR(45) NOT NULL,
  `ta_descripcion` VARCHAR(128) NULL,
  PRIMARY KEY (`ta_codigo`))
ENGINE = InnoDB;


-- -----------------------------------------------------
-- Table `CICTE`.`cic_catalogo`
-- -----------------------------------------------------
DROP TABLE IF EXISTS `CICTE`.`cic_catalogo` ;

CREATE TABLE IF NOT EXISTS `CICTE`.`cic_catalogo` (
  `tabla` INT NOT NULL,
  `valor` VARCHAR(45) NOT NULL,
  `detalle` VARCHAR(45) NOT NULL,
  INDEX `tabla_idx` (`tabla` ASC),
  CONSTRAINT `tabla`
    FOREIGN KEY (`tabla`)
    REFERENCES `CICTE`.`cic_tabla` (`ta_codigo`)
    ON DELETE NO ACTION
    ON UPDATE NO ACTION)
ENGINE = InnoDB;


-- -----------------------------------------------------
-- Table `CICTE`.`cic_piloto`
-- -----------------------------------------------------
DROP TABLE IF EXISTS `CICTE`.`cic_piloto` ;

CREATE TABLE IF NOT EXISTS `CICTE`.`cic_piloto` (
  `idcic_piloto` INT NOT NULL AUTO_INCREMENT,
  `pi_nombre` VARCHAR(128) NOT NULL,
  `pi_apellidos` VARCHAR(128) NOT NULL,
  `pi_fecha_nacimiento` DATETIME NOT NULL,
  `pi_grado` INT NULL,
  `pi_fecha_reg` DATETIME NOT NULL DEFAULT NOW(),
  `pi_fecha_mod` DATETIME NOT NULL DEFAULT NOW(),
  `pi_nacionalidad` VARCHAR(4) NOT NULL,
  `pi_cedula` VARCHAR(30) NOT NULL,
  `pi_id_mil` VARCHAR(45) NOT NULL,
  `pi_foto` LONGBLOB NULL,
  `pi_estado` VARCHAR(1) NOT NULL DEFAULT 'A',
  `pi_fuerza` VARCHAR(45) NULL,
  `pi_unidad` VARCHAR(45) NULL,
  `pi_email` VARCHAR(45) NOT NULL,
  `pi_telefono` VARCHAR(45) NOT NULL,
  `pi_horas_vuelo` INT NULL DEFAULT 0,
  PRIMARY KEY (`idcic_piloto`),
  UNIQUE INDEX `pi_cedula_UNIQUE` (`pi_cedula` ASC),
  UNIQUE INDEX `pi_id_mil_UNIQUE` (`pi_id_mil` ASC),
  UNIQUE INDEX `pi_email_UNIQUE` (`pi_email` ASC),
  UNIQUE INDEX `pi_telefono_UNIQUE` (`pi_telefono` ASC))
ENGINE = InnoDB;


-- -----------------------------------------------------
-- Table `CICTE`.`cic_formulario`
-- -----------------------------------------------------
DROP TABLE IF EXISTS `CICTE`.`cic_formulario` ;

CREATE TABLE IF NOT EXISTS `CICTE`.`cic_formulario` (
  `idcic_formulario` INT NOT NULL AUTO_INCREMENT,
  `fo_nombre` VARCHAR(45) NOT NULL,
  `fo_fecha_crea` DATETIME NULL DEFAULT NOW(),
  `fo_fecha_mod` DATETIME NULL DEFAULT NOW(),
  `fo_codigo` VARCHAR(45) NOT NULL,
  `fo_detalle` VARCHAR(255) NOT NULL,
  `fo_estado` VARCHAR(2) NULL DEFAULT 'V',
  PRIMARY KEY (`idcic_formulario`),
  UNIQUE INDEX `fo_codigo_UNIQUE` (`fo_codigo` ASC))
ENGINE = InnoDB;


-- -----------------------------------------------------
-- Table `CICTE`.`cic_pregunta`
-- -----------------------------------------------------
DROP TABLE IF EXISTS `CICTE`.`cic_pregunta` ;

CREATE TABLE IF NOT EXISTS `CICTE`.`cic_pregunta` (
  `idcic_pregunta` INT NOT NULL AUTO_INCREMENT,
  `pr_criterio` VARCHAR(500) NOT NULL,
  `pr_formulario` INT NOT NULL,
  `pr_estado` VARCHAR(2) NULL DEFAULT 'V',
  PRIMARY KEY (`idcic_pregunta`),
  INDEX `fk_cic_pregunta_cic_formulario1_idx` (`pr_formulario` ASC),
  CONSTRAINT `fk_cic_pregunta_cic_formulario1`
    FOREIGN KEY (`pr_formulario`)
    REFERENCES `CICTE`.`cic_formulario` (`idcic_formulario`)
    ON DELETE NO ACTION
    ON UPDATE NO ACTION)
ENGINE = InnoDB;


-- -----------------------------------------------------
-- Table `CICTE`.`cic_respuesta`
-- -----------------------------------------------------
DROP TABLE IF EXISTS `CICTE`.`cic_respuesta` ;

CREATE TABLE IF NOT EXISTS `CICTE`.`cic_respuesta` (
  `idcic_respuesta` INT NOT NULL AUTO_INCREMENT,
  `re_tipo` INT NULL,
  `re_detalle` VARCHAR(255) NULL,
  `re_pregunta` INT NOT NULL,
  `re_estado` VARCHAR(45) NULL DEFAULT 'V',
  PRIMARY KEY (`idcic_respuesta`),
  INDEX `fk_cic_respuesta_cic_pregunta1_idx` (`re_pregunta` ASC),
  CONSTRAINT `fk_cic_respuesta_cic_pregunta1`
    FOREIGN KEY (`re_pregunta`)
    REFERENCES `CICTE`.`cic_pregunta` (`idcic_pregunta`)
    ON DELETE NO ACTION
    ON UPDATE NO ACTION)
ENGINE = InnoDB;


-- -----------------------------------------------------
-- Table `CICTE`.`grupo`
-- -----------------------------------------------------
DROP TABLE IF EXISTS `CICTE`.`grupo` ;

CREATE TABLE IF NOT EXISTS `CICTE`.`grupo` (
  `id_grupo` INT NOT NULL AUTO_INCREMENT,
  `codigo` VARCHAR(25) NOT NULL,
  `nombre` VARCHAR(45) NOT NULL,
  PRIMARY KEY (`id_grupo`))
ENGINE = InnoDB;


-- -----------------------------------------------------
-- Table `CICTE`.`cic_instructor`
-- -----------------------------------------------------
DROP TABLE IF EXISTS `CICTE`.`cic_instructor` ;

CREATE TABLE IF NOT EXISTS `CICTE`.`cic_instructor` (
  `idcic_instructor` INT NOT NULL AUTO_INCREMENT,
  `in_id_mil` VARCHAR(45) NOT NULL,
  `in_cedula` VARCHAR(45) NOT NULL,
  `in_grado` INT NULL,
  `in_nombre` VARCHAR(45) NOT NULL,
  `in_apellido` VARCHAR(45) NOT NULL,
  `in_create` DATETIME NULL DEFAULT NOW(),
  `in_email` VARCHAR(100) NOT NULL,
  PRIMARY KEY (`idcic_instructor`),
  UNIQUE INDEX `in_id_mil_UNIQUE` (`in_id_mil` ASC),
  UNIQUE INDEX `in_cedula_UNIQUE` (`in_cedula` ASC),
  UNIQUE INDEX `in_email_UNIQUE` (`in_email` ASC))
ENGINE = InnoDB;


-- -----------------------------------------------------
-- Table `CICTE`.`cic_simulador`
-- -----------------------------------------------------
DROP TABLE IF EXISTS `CICTE`.`cic_simulador` ;

CREATE TABLE IF NOT EXISTS `CICTE`.`cic_simulador` (
  `idcic_simulador` INT NOT NULL AUTO_INCREMENT,
  `si_nombre` VARCHAR(45) NULL,
  `si_ubicacion` VARCHAR(45) NULL,
  `si_codigo` VARCHAR(45) NOT NULL,
  PRIMARY KEY (`idcic_simulador`),
  UNIQUE INDEX `si_codigo_UNIQUE` (`si_codigo` ASC))
ENGINE = InnoDB;


-- -----------------------------------------------------
-- Table `CICTE`.`cic_ilusion`
-- -----------------------------------------------------
DROP TABLE IF EXISTS `CICTE`.`cic_ilusion` ;

CREATE TABLE IF NOT EXISTS `CICTE`.`cic_ilusion` (
  `idcic_ilusion` INT NOT NULL AUTO_INCREMENT,
  `il_nombre` VARCHAR(45) NULL,
  `il_tipo` VARCHAR(45) NULL,
  `il_simulador` VARCHAR(45) NOT NULL,
  PRIMARY KEY (`idcic_ilusion`),
  INDEX `simulador_idx` (`il_simulador` ASC),
  CONSTRAINT `simulador`
    FOREIGN KEY (`il_simulador`)
    REFERENCES `CICTE`.`cic_simulador` (`si_codigo`)
    ON DELETE NO ACTION
    ON UPDATE NO ACTION)
ENGINE = InnoDB;


-- -----------------------------------------------------
-- Table `CICTE`.`cic_plan`
-- -----------------------------------------------------
DROP TABLE IF EXISTS `CICTE`.`cic_plan` ;

CREATE TABLE IF NOT EXISTS `CICTE`.`cic_plan` (
  `idcic_plan` INT NOT NULL AUTO_INCREMENT,
  `pl_nombre` VARCHAR(45) NULL,
  `pl_lugar` VARCHAR(45) NULL,
  `pl_ilusion` INT NOT NULL,
  `pl_grafico_xy` BLOB NULL,
  `pl_grafico_xz` BLOB NULL,
  PRIMARY KEY (`idcic_plan`),
  UNIQUE INDEX `nombre_UNIQUE` (`pl_nombre` ASC),
  INDEX `fk_cic_plan_cic_ilusion1_idx` (`pl_ilusion` ASC),
  CONSTRAINT `fk_cic_plan_cic_ilusion1`
    FOREIGN KEY (`pl_ilusion`)
    REFERENCES `CICTE`.`cic_ilusion` (`idcic_ilusion`)
    ON DELETE NO ACTION
    ON UPDATE NO ACTION)
ENGINE = InnoDB;


-- -----------------------------------------------------
-- Table `CICTE`.`cic_evaluacion`
-- -----------------------------------------------------
DROP TABLE IF EXISTS `CICTE`.`cic_evaluacion` ;

CREATE TABLE IF NOT EXISTS `CICTE`.`cic_evaluacion` (
  `idcic_evaluacion` INT NOT NULL,
  `ev_fecha` DATETIME NULL DEFAULT NOW(),
  `ev_observacion` VARCHAR(255) NULL,
  `ev_piloto` VARCHAR(45) NOT NULL,
  `ev_instructor` VARCHAR(45) NOT NULL,
  `ev_plan` INT NOT NULL,
  `ev_grafico_xy` BLOB NULL,
  `ev_grafico_xz` BLOB NULL,
  `ev_funcion` INT NOT NULL,
  `ev_aeronave` INT NOT NULL,
  `ev_horas_vuelo` INT NULL DEFAULT 0,
  PRIMARY KEY (`idcic_evaluacion`),
  INDEX `ev_instructor_idx` (`ev_instructor` ASC),
  INDEX `ev_piloto_idx` (`ev_piloto` ASC),
  INDEX `fk_cic_evaluacion_cic_plan1_idx` (`ev_plan` ASC),
  CONSTRAINT `ev_piloto`
    FOREIGN KEY (`ev_piloto`)
    REFERENCES `CICTE`.`cic_piloto` (`pi_id_mil`)
    ON DELETE NO ACTION
    ON UPDATE NO ACTION,
  CONSTRAINT `ev_instructor`
    FOREIGN KEY (`ev_instructor`)
    REFERENCES `CICTE`.`cic_instructor` (`in_id_mil`)
    ON DELETE NO ACTION
    ON UPDATE NO ACTION,
  CONSTRAINT `fk_cic_evaluacion_cic_plan1`
    FOREIGN KEY (`ev_plan`)
    REFERENCES `CICTE`.`cic_plan` (`idcic_plan`)
    ON DELETE NO ACTION
    ON UPDATE NO ACTION)
ENGINE = InnoDB;


-- -----------------------------------------------------
-- Table `CICTE`.`timestamps`
-- -----------------------------------------------------
DROP TABLE IF EXISTS `CICTE`.`timestamps` ;

CREATE TABLE IF NOT EXISTS `CICTE`.`timestamps` (
  `create_time` TIMESTAMP NULL DEFAULT CURRENT_TIMESTAMP,
  `update_time` TIMESTAMP NULL);


-- -----------------------------------------------------
-- Table `CICTE`.`category`
-- -----------------------------------------------------
DROP TABLE IF EXISTS `CICTE`.`category` ;

CREATE TABLE IF NOT EXISTS `CICTE`.`category` (
  `category_id` INT NOT NULL,
  `name` VARCHAR(255) NOT NULL,
  PRIMARY KEY (`category_id`));


-- -----------------------------------------------------
-- Table `CICTE`.`usuario`
-- -----------------------------------------------------
DROP TABLE IF EXISTS `CICTE`.`usuario` ;

CREATE TABLE IF NOT EXISTS `CICTE`.`usuario` (
  `id_usuario` INT NOT NULL AUTO_INCREMENT,
  `username` VARCHAR(100) NOT NULL,
  `email` VARCHAR(255) NULL,
  `password` VARCHAR(255) NOT NULL,
  `create_time` DATETIME NULL DEFAULT NOW(),
  `instructor` VARCHAR(45) NULL,
  `intento` INT NULL DEFAULT 0,
  `terminal` VARCHAR(45) NOT NULL,
  INDEX `instructor_idx` (`instructor` ASC),
  UNIQUE INDEX `username_UNIQUE` (`username` ASC),
  PRIMARY KEY (`id_usuario`),
  CONSTRAINT `instructor`
    FOREIGN KEY (`instructor`)
    REFERENCES `CICTE`.`cic_instructor` (`in_id_mil`)
    ON DELETE NO ACTION
    ON UPDATE NO ACTION)
ENGINE = InnoDB;


-- -----------------------------------------------------
-- Table `CICTE`.`cic_biometric`
-- -----------------------------------------------------
DROP TABLE IF EXISTS `CICTE`.`cic_biometric` ;

CREATE TABLE IF NOT EXISTS `CICTE`.`cic_biometric` (
  `id_biometric` INT NOT NULL AUTO_INCREMENT,
  `bi_mano` VARCHAR(45) NULL,
  `bi_dedo` VARCHAR(45) NULL DEFAULT 7,
  `bi_id_mil` VARCHAR(30) NOT NULL,
  `bi_minuta1` VARBINARY(400) NULL,
  `bi_minuta2` VARBINARY(400) NULL,
  PRIMARY KEY (`id_biometric`),
  INDEX `bi_id_mil_idx` (`bi_id_mil` ASC),
  UNIQUE INDEX `bi_minuta1_UNIQUE` (`bi_minuta1` ASC),
  UNIQUE INDEX `bi_minuta2_UNIQUE` (`bi_minuta2` ASC),
  UNIQUE INDEX `bi_id_mil_UNIQUE` (`bi_id_mil` ASC),
  CONSTRAINT `bi_id_mil`
    FOREIGN KEY (`bi_id_mil`)
    REFERENCES `CICTE`.`cic_piloto` (`pi_id_mil`)
    ON DELETE NO ACTION
    ON UPDATE NO ACTION)
ENGINE = InnoDB;


-- -----------------------------------------------------
-- Table `CICTE`.`cic_cabecera_respuestas`
-- -----------------------------------------------------
DROP TABLE IF EXISTS `CICTE`.`cic_cabecera_respuestas` ;

CREATE TABLE IF NOT EXISTS `CICTE`.`cic_cabecera_respuestas` (
  `idcic_cab_res` INT NOT NULL AUTO_INCREMENT,
  `cr_evaluacion` INT NOT NULL,
  `cr_formulario` INT NOT NULL,
  `cr_pregunta` INT NOT NULL,
  `cr_respuesta` INT NOT NULL,
  INDEX `fk_cic_cabecera_respuestas_cic_formulario1_idx` (`cr_formulario` ASC),
  PRIMARY KEY (`idcic_cab_res`),
  INDEX `fk_cic_cabecera_respuestas_cic_evaluacion1_idx` (`cr_evaluacion` ASC),
  CONSTRAINT `fk_cic_cabecera_respuestas_cic_formulario1`
    FOREIGN KEY (`cr_formulario`)
    REFERENCES `CICTE`.`cic_formulario` (`idcic_formulario`)
    ON DELETE NO ACTION
    ON UPDATE NO ACTION,
  CONSTRAINT `fk_cic_cabecera_respuestas_cic_evaluacion1`
    FOREIGN KEY (`cr_evaluacion`)
    REFERENCES `CICTE`.`cic_evaluacion` (`idcic_evaluacion`)
    ON DELETE NO ACTION
    ON UPDATE NO ACTION)
ENGINE = InnoDB;


-- -----------------------------------------------------
-- Table `CICTE`.`usuario_grupo`
-- -----------------------------------------------------
DROP TABLE IF EXISTS `CICTE`.`usuario_grupo` ;

CREATE TABLE IF NOT EXISTS `CICTE`.`usuario_grupo` (
  `id_usuario_grupo` INT NOT NULL AUTO_INCREMENT,
  `usuario_id` INT NOT NULL,
  `grupo_id` INT NOT NULL,
  PRIMARY KEY (`id_usuario_grupo`),
  INDEX `fk_usuario_grupo_usuario1_idx` (`usuario_id` ASC),
  INDEX `fk_usuario_grupo_grupo1_idx` (`grupo_id` ASC),
  CONSTRAINT `fk_usuario_grupo_usuario1`
    FOREIGN KEY (`usuario_id`)
    REFERENCES `CICTE`.`usuario` (`id_usuario`)
    ON DELETE NO ACTION
    ON UPDATE NO ACTION,
  CONSTRAINT `fk_usuario_grupo_grupo1`
    FOREIGN KEY (`grupo_id`)
    REFERENCES `CICTE`.`grupo` (`id_grupo`)
    ON DELETE NO ACTION
    ON UPDATE NO ACTION)
ENGINE = InnoDB;


-- -----------------------------------------------------
-- Table `CICTE`.`cic_seqnos`
-- -----------------------------------------------------
DROP TABLE IF EXISTS `CICTE`.`cic_seqnos` ;

CREATE TABLE IF NOT EXISTS `CICTE`.`cic_seqnos` (
  `idcic_seqnos` INT NOT NULL AUTO_INCREMENT,
  `se_tabla` VARCHAR(45) NULL,
  `se_id` INT NULL,
  PRIMARY KEY (`idcic_seqnos`),
  UNIQUE INDEX `se_tabla_UNIQUE` (`se_tabla` ASC))
ENGINE = InnoDB;


SET SQL_MODE=@OLD_SQL_MODE;
SET FOREIGN_KEY_CHECKS=@OLD_FOREIGN_KEY_CHECKS;
SET UNIQUE_CHECKS=@OLD_UNIQUE_CHECKS;

-- -----------------------------------------------------
-- Data for table `CICTE`.`cic_tabla`
-- -----------------------------------------------------
START TRANSACTION;
USE `CICTE`;
INSERT INTO `CICTE`.`cic_tabla` (`ta_codigo`, `ta_nombre`, `ta_descripcion`) VALUES (1, 'cic_piloto', 'grados de la milicia aerea');
INSERT INTO `CICTE`.`cic_tabla` (`ta_codigo`, `ta_nombre`, `ta_descripcion`) VALUES (2, 'cic_pregunta', 'tipo de respuesta');
INSERT INTO `CICTE`.`cic_tabla` (`ta_codigo`, `ta_nombre`, `ta_descripcion`) VALUES (3, 'estados', 'Tipo de estados');
INSERT INTO `CICTE`.`cic_tabla` (`ta_codigo`, `ta_nombre`, `ta_descripcion`) VALUES (4, 'cic_evaluacion', 'Funcion');
INSERT INTO `CICTE`.`cic_tabla` (`ta_codigo`, `ta_nombre`, `ta_descripcion`) VALUES (5, 'cic_evaluacion', 'Aereonaves');

COMMIT;


-- -----------------------------------------------------
-- Data for table `CICTE`.`cic_catalogo`
-- -----------------------------------------------------
START TRANSACTION;
USE `CICTE`;
INSERT INTO `CICTE`.`cic_catalogo` (`tabla`, `valor`, `detalle`) VALUES (1, '1', 'SUBTENIENTE');
INSERT INTO `CICTE`.`cic_catalogo` (`tabla`, `valor`, `detalle`) VALUES (1, '2', 'TENIENTE');
INSERT INTO `CICTE`.`cic_catalogo` (`tabla`, `valor`, `detalle`) VALUES (1, '3', 'CAPITÁN');
INSERT INTO `CICTE`.`cic_catalogo` (`tabla`, `valor`, `detalle`) VALUES (1, '4', 'MAYOR');
INSERT INTO `CICTE`.`cic_catalogo` (`tabla`, `valor`, `detalle`) VALUES (1, '5', 'TENIENTE CORONEL');
INSERT INTO `CICTE`.`cic_catalogo` (`tabla`, `valor`, `detalle`) VALUES (1, '6', 'CORONEL');
INSERT INTO `CICTE`.`cic_catalogo` (`tabla`, `valor`, `detalle`) VALUES (1, '7', 'BRIGADIER GENERAL');
INSERT INTO `CICTE`.`cic_catalogo` (`tabla`, `valor`, `detalle`) VALUES (1, '8', 'TENIENTE GENERAL');
INSERT INTO `CICTE`.`cic_catalogo` (`tabla`, `valor`, `detalle`) VALUES (1, '9', 'GENERAL DEL AIRE');
INSERT INTO `CICTE`.`cic_catalogo` (`tabla`, `valor`, `detalle`) VALUES (1, '10', 'SOLDADO');
INSERT INTO `CICTE`.`cic_catalogo` (`tabla`, `valor`, `detalle`) VALUES (1, '11', 'CABO SEGUNDO');
INSERT INTO `CICTE`.`cic_catalogo` (`tabla`, `valor`, `detalle`) VALUES (1, '12', 'CABO PRIMERO');
INSERT INTO `CICTE`.`cic_catalogo` (`tabla`, `valor`, `detalle`) VALUES (1, '13', 'SARGENTO SEGUNDO');
INSERT INTO `CICTE`.`cic_catalogo` (`tabla`, `valor`, `detalle`) VALUES (1, '14', 'SARGENTO PRIMERO');
INSERT INTO `CICTE`.`cic_catalogo` (`tabla`, `valor`, `detalle`) VALUES (1, '15', 'SUBOFICIAL SEGUNDO');
INSERT INTO `CICTE`.`cic_catalogo` (`tabla`, `valor`, `detalle`) VALUES (1, '16', 'SUBOFICIAL PRIMERO');
INSERT INTO `CICTE`.`cic_catalogo` (`tabla`, `valor`, `detalle`) VALUES (1, '17', 'SUBOFICIAL MAYOR');
INSERT INTO `CICTE`.`cic_catalogo` (`tabla`, `valor`, `detalle`) VALUES (2, '1', 'NO RECONOCIDA');
INSERT INTO `CICTE`.`cic_catalogo` (`tabla`, `valor`, `detalle`) VALUES (2, '2', 'RECONOCIDA');
INSERT INTO `CICTE`.`cic_catalogo` (`tabla`, `valor`, `detalle`) VALUES (2, '3', 'INCAPACITANTE');
INSERT INTO `CICTE`.`cic_catalogo` (`tabla`, `valor`, `detalle`) VALUES (3, 'A', 'ACTIVO');
INSERT INTO `CICTE`.`cic_catalogo` (`tabla`, `valor`, `detalle`) VALUES (3, 'V', 'VIGENTE');
INSERT INTO `CICTE`.`cic_catalogo` (`tabla`, `valor`, `detalle`) VALUES (3, 'P', 'PASIVO');
INSERT INTO `CICTE`.`cic_catalogo` (`tabla`, `valor`, `detalle`) VALUES (3, 'B', 'BLOQUEADO');
INSERT INTO `CICTE`.`cic_catalogo` (`tabla`, `valor`, `detalle`) VALUES (4, '1', 'PILOTO DE BRIGADA');
INSERT INTO `CICTE`.`cic_catalogo` (`tabla`, `valor`, `detalle`) VALUES (5, '1', 'AEASD-8791');

COMMIT;


-- -----------------------------------------------------
-- Data for table `CICTE`.`cic_piloto`
-- -----------------------------------------------------
START TRANSACTION;
USE `CICTE`;
INSERT INTO `CICTE`.`cic_piloto` (`idcic_piloto`, `pi_nombre`, `pi_apellidos`, `pi_fecha_nacimiento`, `pi_grado`, `pi_fecha_reg`, `pi_fecha_mod`, `pi_nacionalidad`, `pi_cedula`, `pi_id_mil`, `pi_foto`, `pi_estado`, `pi_fuerza`, `pi_unidad`, `pi_email`, `pi_telefono`, `pi_horas_vuelo`) VALUES (1, 'Pablo', 'Villamar', '1992-10-17 00:00:00', 1, '2018-11-03 12:20:40', '2018-11-03 12:20:40', 'EC', '1721712741', '1721712741', 0x2E2E2E, 'A', 'AEREA', 'PL-9855', 'pablo.villamar@outlook.com', '0998208683', default);
INSERT INTO `CICTE`.`cic_piloto` (`idcic_piloto`, `pi_nombre`, `pi_apellidos`, `pi_fecha_nacimiento`, `pi_grado`, `pi_fecha_reg`, `pi_fecha_mod`, `pi_nacionalidad`, `pi_cedula`, `pi_id_mil`, `pi_foto`, `pi_estado`, `pi_fuerza`, `pi_unidad`, `pi_email`, `pi_telefono`, `pi_horas_vuelo`) VALUES (2, 'Alexander', 'Morales', '1992-10-17 00:00:00', 5, '2018-11-03 17:53:17', '2018-11-03 17:53:17', 'BO', '1721712742', '1721712742', 0x4E554C4C, 'P', 'AEREA', 'PL-6780', 'alexvmhsr@gmail.com', '0982086845', default);

COMMIT;


-- -----------------------------------------------------
-- Data for table `CICTE`.`cic_formulario`
-- -----------------------------------------------------
START TRANSACTION;
USE `CICTE`;
INSERT INTO `CICTE`.`cic_formulario` (`idcic_formulario`, `fo_nombre`, `fo_fecha_crea`, `fo_fecha_mod`, `fo_codigo`, `fo_detalle`, `fo_estado`) VALUES (DEFAULT, 'SDO', NOW(), NOW(), 'IE-03', 'PARA LA VALORACIÓN DEL EJERCICIO DE SIMULACIÓN SDO', default);
INSERT INTO `CICTE`.`cic_formulario` (`idcic_formulario`, `fo_nombre`, `fo_fecha_crea`, `fo_fecha_mod`, `fo_codigo`, `fo_detalle`, `fo_estado`) VALUES (DEFAULT, 'PRU', default, default, 'IE-00', 'PRUEBA', default);

COMMIT;


-- -----------------------------------------------------
-- Data for table `CICTE`.`cic_pregunta`
-- -----------------------------------------------------
START TRANSACTION;
USE `CICTE`;
INSERT INTO `CICTE`.`cic_pregunta` (`idcic_pregunta`, `pr_criterio`, `pr_formulario`, `pr_estado`) VALUES (DEFAULT, 'REACCIÓN ANTE LA CONDICIÓN DE DESORIENTACIÓN ESPACIAL', 1, default);
INSERT INTO `CICTE`.`cic_pregunta` (`idcic_pregunta`, `pr_criterio`, `pr_formulario`, `pr_estado`) VALUES (DEFAULT, 'CORRECIÓN DE LOS PARÁMETROS Y ACTITUD DE LA AEREONAVE', 1, default);

COMMIT;


-- -----------------------------------------------------
-- Data for table `CICTE`.`cic_respuesta`
-- -----------------------------------------------------
START TRANSACTION;
USE `CICTE`;
INSERT INTO `CICTE`.`cic_respuesta` (`idcic_respuesta`, `re_tipo`, `re_detalle`, `re_pregunta`, `re_estado`) VALUES (DEFAULT, 1, 'El Piloto NO percibe conscientemente ninguna manifestación de desorientación narutal ni artificial', 1, default);
INSERT INTO `CICTE`.`cic_respuesta` (`idcic_respuesta`, `re_tipo`, `re_detalle`, `re_pregunta`, `re_estado`) VALUES (DEFAULT, 2, 'El piloto percibe conscientemente algún tipo de manifestación de SDO. Puede tener un conflicto entre la orientación natural con la artificial', 1, default);
INSERT INTO `CICTE`.`cic_respuesta` (`idcic_respuesta`, `re_tipo`, `re_detalle`, `re_pregunta`, `re_estado`) VALUES (DEFAULT, 3, 'Manifestaciones físicas intensas y sobrecogedoras,  nistagmos (movimiento horizontal automático de los ojos', 1, default);
INSERT INTO `CICTE`.`cic_respuesta` (`idcic_respuesta`, `re_tipo`, `re_detalle`, `re_pregunta`, `re_estado`) VALUES (DEFAULT, 1, 'El piloto no hará nada en absoluto para su corrección', 2, default);
INSERT INTO `CICTE`.`cic_respuesta` (`idcic_respuesta`, `re_tipo`, `re_detalle`, `re_pregunta`, `re_estado`) VALUES (DEFAULT, 2, 'Puede manifestarse exclusivamente como una dificultad para controlar la aeronave sin saber el porqué', 2, default);
INSERT INTO `CICTE`.`cic_respuesta` (`idcic_respuesta`, `re_tipo`, `re_detalle`, `re_pregunta`, `re_estado`) VALUES (DEFAULT, 3, 'El piloto pierde la capacidad de controlar la aeronave', 2, default);

COMMIT;


-- -----------------------------------------------------
-- Data for table `CICTE`.`grupo`
-- -----------------------------------------------------
START TRANSACTION;
USE `CICTE`;
INSERT INTO `CICTE`.`grupo` (`id_grupo`, `codigo`, `nombre`) VALUES (DEFAULT, '1', 'ADMIN');
INSERT INTO `CICTE`.`grupo` (`id_grupo`, `codigo`, `nombre`) VALUES (DEFAULT, '2', 'INSTRUCTOR');
INSERT INTO `CICTE`.`grupo` (`id_grupo`, `codigo`, `nombre`) VALUES (DEFAULT, '3', 'PILOTO');
INSERT INTO `CICTE`.`grupo` (`id_grupo`, `codigo`, `nombre`) VALUES (DEFAULT, '4', 'TEC');

COMMIT;


-- -----------------------------------------------------
-- Data for table `CICTE`.`cic_instructor`
-- -----------------------------------------------------
START TRANSACTION;
USE `CICTE`;
INSERT INTO `CICTE`.`cic_instructor` (`idcic_instructor`, `in_id_mil`, `in_cedula`, `in_grado`, `in_nombre`, `in_apellido`, `in_create`, `in_email`) VALUES (DEFAULT, '1721712741', '1721712741', 3, 'Pablo', 'Villamar Morales', Default, 'alexvmhsr@gmail.com');
INSERT INTO `CICTE`.`cic_instructor` (`idcic_instructor`, `in_id_mil`, `in_cedula`, `in_grado`, `in_nombre`, `in_apellido`, `in_create`, `in_email`) VALUES (DEFAULT, '1721712742', '1721712742', 5, 'Alexander', 'Villamar Morales', Default, 'alexvmhsr1@gmail.com');

COMMIT;


-- -----------------------------------------------------
-- Data for table `CICTE`.`cic_simulador`
-- -----------------------------------------------------
START TRANSACTION;
USE `CICTE`;
INSERT INTO `CICTE`.`cic_simulador` (`idcic_simulador`, `si_nombre`, `si_ubicacion`, `si_codigo`) VALUES (1, 'ESPE', 'SANGOLQUI', 'CICTE001');
INSERT INTO `CICTE`.`cic_simulador` (`idcic_simulador`, `si_nombre`, `si_ubicacion`, `si_codigo`) VALUES (2, 'FAE', 'MANTA', 'CICTE002');

COMMIT;


-- -----------------------------------------------------
-- Data for table `CICTE`.`cic_ilusion`
-- -----------------------------------------------------
START TRANSACTION;
USE `CICTE`;
INSERT INTO `CICTE`.`cic_ilusion` (`idcic_ilusion`, `il_nombre`, `il_tipo`, `il_simulador`) VALUES (1, 'NEBLINA', 'AVANZADO', 'CICTE001');
INSERT INTO `CICTE`.`cic_ilusion` (`idcic_ilusion`, `il_nombre`, `il_tipo`, `il_simulador`) VALUES (2, 'LLOVISNA', 'MEDIO', 'CICTE002');
INSERT INTO `CICTE`.`cic_ilusion` (`idcic_ilusion`, `il_nombre`, `il_tipo`, `il_simulador`) VALUES (3, 'FALLA MECANICA', 'AVANZADO', 'CICTE001');

COMMIT;


-- -----------------------------------------------------
-- Data for table `CICTE`.`cic_plan`
-- -----------------------------------------------------
START TRANSACTION;
USE `CICTE`;
INSERT INTO `CICTE`.`cic_plan` (`idcic_plan`, `pl_nombre`, `pl_lugar`, `pl_ilusion`, `pl_grafico_xy`, `pl_grafico_xz`) VALUES (DEFAULT, 'SOBREVUELO MANTA', 'MANTA', 1, NULL, NULL);

COMMIT;


-- -----------------------------------------------------
-- Data for table `CICTE`.`cic_evaluacion`
-- -----------------------------------------------------
START TRANSACTION;
USE `CICTE`;
INSERT INTO `CICTE`.`cic_evaluacion` (`idcic_evaluacion`, `ev_fecha`, `ev_observacion`, `ev_piloto`, `ev_instructor`, `ev_plan`, `ev_grafico_xy`, `ev_grafico_xz`, `ev_funcion`, `ev_aeronave`, `ev_horas_vuelo`) VALUES (1, NOW(), 'El piloto cumple satisfactoriamente la simulación', '1721712741', '1721712741', 1, NULL, NULL, 1, 1, 200);

COMMIT;


-- -----------------------------------------------------
-- Data for table `CICTE`.`usuario`
-- -----------------------------------------------------
START TRANSACTION;
USE `CICTE`;
INSERT INTO `CICTE`.`usuario` (`id_usuario`, `username`, `email`, `password`, `create_time`, `instructor`, `intento`, `terminal`) VALUES (DEFAULT, 'admin', 'pablo.villamar@outlook.com', 'Cicte18', default, '1721712741', 0, 'localhost');
INSERT INTO `CICTE`.`usuario` (`id_usuario`, `username`, `email`, `password`, `create_time`, `instructor`, `intento`, `terminal`) VALUES (DEFAULT, 'instructor', 'pvillamar@cobiscorp.com', 'Cicte2018*', default, '1721712742', 0, '192.168.68.21');

COMMIT;


-- -----------------------------------------------------
-- Data for table `CICTE`.`cic_cabecera_respuestas`
-- -----------------------------------------------------
START TRANSACTION;
USE `CICTE`;
INSERT INTO `CICTE`.`cic_cabecera_respuestas` (`idcic_cab_res`, `cr_evaluacion`, `cr_formulario`, `cr_pregunta`, `cr_respuesta`) VALUES (DEFAULT, 1, 1, 1, 2);
INSERT INTO `CICTE`.`cic_cabecera_respuestas` (`idcic_cab_res`, `cr_evaluacion`, `cr_formulario`, `cr_pregunta`, `cr_respuesta`) VALUES (DEFAULT, 1, 1, 2, 5);

COMMIT;


-- -----------------------------------------------------
-- Data for table `CICTE`.`usuario_grupo`
-- -----------------------------------------------------
START TRANSACTION;
USE `CICTE`;
INSERT INTO `CICTE`.`usuario_grupo` (`id_usuario_grupo`, `usuario_id`, `grupo_id`) VALUES (DEFAULT, 1, 1);
INSERT INTO `CICTE`.`usuario_grupo` (`id_usuario_grupo`, `usuario_id`, `grupo_id`) VALUES (DEFAULT, 2, 2);

COMMIT;


-- -----------------------------------------------------
-- Data for table `CICTE`.`cic_seqnos`
-- -----------------------------------------------------
START TRANSACTION;
USE `CICTE`;
INSERT INTO `CICTE`.`cic_seqnos` (`idcic_seqnos`, `se_tabla`, `se_id`) VALUES (DEFAULT, 'cic_evaluacion', 1);

COMMIT;

